prior_signs_mental_health_issues,weapons_obtained_legally,summary,weapon,weapon_details,where_obtained,Case,Date,Age,Fatalities,Gender,Injuries,Latitude,Location,Location Type,Longitude,Race,Total Victims,Type,Year,mental_health_details
"Unclear ","
Yes","Cedric L. Ford, who worked as a painter at a manufacturing company, shot victims from his car and at his workplace before being killed by police at the scene. Shortly before the rampage he had been served with a restraining order.","Semiautomatic rifle, semiautomatic handgun",Mossberg Maverick 88 Field shotgun; .38-caliber Smith & Wesson M36 revolver,-,Excel Industries mass shooting,"February 25, 2016",38,3,M,14,38.135992,"Hesston, Kansas","
Workplace",-97.425145,Black,17,Mass,2016,Unclear
"Unclear ",No,"Jaylen Fryberg, 15, using a .40-caliber Berretta, shot five 
students at Marysville High School, including two of his cousins and three friends, killing all but one. Fryberg arranged to meet them for lunch in the school cafeteria by text. Fryberg was reportedly well-liked at the school and there was not believed to be any ill-will between him and his victims. He committed suicide at the scene.",Handgun,-,Gun was his father's.,Marysville-Pilchuck High School shooting,"October 24, 2014",15,5,M,1,48.050824,"Marysville, Washington",School,-122.176918,Native American,6,Mass,2014,"Fryberg was well-liked and allegedly happy, but was also upset about a girl and had posted emotional social media messages. No definitive signs of mental health problems."
Yes,"
Yes","Aaron Alexis, 34, a military veteran and contractor from Texas, opened fire in the Navy installation, killing 12 people and wounding 8 before being shot dead by police.","Sawed-off shotgun, 2 boxes of shells; also a .45-caliber handgun taken from a security guard he shot at the scene.","Two Sig Sauer P226 semiautomatic pistols and Glock 34 pistol, and hundreds of rounds of ammo. A 6- inchand 8-inch “SRK” and “Boar Hunter” hunting knives. ",Sharpshooters Small Arms Range,Washington Navy Yard shooting,"September 16, 2013",34,12,M,8,38.874981,"Washington, D.C.",Military,-76.99453,Black,20,Mass,2013,"Had told Rhode Island police the prior month that he'd ""heard voices""; had been undergoing mental health treatment with Veterans Affairs since August 2013."
-,TBD,"Dimitrios Pagourtzis, a 17-year-old student, opened fire at Santa Fe High School with a shotgun and .38 revolver owned by his father; Pagourtzis killed 10 and injured at least 13 others before surrendering to authorities after a standoff and additional gunfire inside the school. (Pagourtzis reportedly had intended to commit suicide.) Investigators also found undetonated explosive devices in the vicinity. (FURTHER DETAILS PENDING.)",shotgun; .38 revolver,9mm Glock 17 semiautomatic handgun,Father's weapons,Santa Fe High School shooting,"May 18, 2018",17,10,M,13,29.392825,"Santa Fe, Texas",School,-95.141972,"White ",23,Mass,2018,-
-,-,"Juan Lopez, 32, confronted his former fiancé, ER doctor Tamara O'Neal, before shooting her and opening fire on others at the hospital, including a responding police officer, Samuel Jimenez, and a pharmacy employee, Dayna Less. Lopez was fatally shot by a responding SWAT officer. Lopez had a history of domestic abuse against an ex-wife, and was kicked out of a fire department training academy for misconduct against female cadets.",semiautomatic handgun,".40 caliber semi-automatic handgun, pistol grip shotgun",-,Mercy Hospital shooting,"November 19, 2018",32,3,M,0,41.847667,"Chicago, Illinois","
Workplace",-87.622009,Latino,3,Mass,2018,-
Yes,No,"Gary Martin, 45, went on a rampage inside the warehouse in response to being fired from his job and died soon thereafter in a shootout with police. Among his victims were five dead coworkers and five injured police officers. Martin had a felony record and lengthy history of domestic violence; he was able to obtain a gun despite having had his Illinois firearms ownership identification card revoked. According to a report from prosecutors, Martin told a co-worker the morning of the shooting that if he was fired he was going to kill employees and police.",Handgun,-,-,Harry Pratt Co. warehouse shooting,"February 15, 2019",45,5,M,6,41.753725,"Aurora, Illinois","
Workplace",-88.331057,Black,11,Mass,2019,(pending)
"Unclear ","
Yes","Micah Xavier Johnson, a 25-year-old Army veteran, targeted police at a peaceful Black Lives Matter protest, killing five officers and injuring nine others as well as two civilians. After a prolonged standoff in a downtown building, law enforcement killed Johnson using a robot-delivered bomb.","Semiautomatic rifle, semiautomatic handguns",".40-caliber Ruger, one other semiautomatic handgun; Bushmaster XM15 E2S semiautomatic rifle; 12-gauge Winchester Defender pump-action shotgun with extended tube and pistol grip",online and or gun show,Dallas police shooting,"July 7, 2016",25,5,M,11,32.7801052,"Dallas, Texas","Other
",-96.8000082,Black,16,Mass,2016,Unclear
Yes,"
Yes","Salvador Ramos, 18, was identified by authorities as the suicidal gunman who attacked at Robb Elementary school.",semiautomatic rifles,9mm Beretta 92FS semiautomatic handgun,-,Robb Elementary School massacre,"May 24, 2022",18,21,M,17,29.240446,"Uvalde, Texas",School,-99.727018,Latino,38,Mass,2022,-
"Unclear ","
Yes","Pedro Vargas, 42, set fire to his apartment, killed six people in the complex, and held another two hostages at gunpoint before a SWAT team stormed the building and fatally shot him.",9mm semi-automatic handgun,-,Florida Gun Center,Hialeah apartment shooting,"July 26, 2013",42,7,M,0,25.864338,"Hialeah, Florida","Other
",-80.311775,Latino,7,Mass,2013,His mother told authorities her son had been acting strangely and needed a psychiatric evaluation.
Yes,"
Yes","Assembly line worker Douglas Williams, 48, opened fire at his Lockheed Martin workplace in a racially motivated attack before committing suicide.","One semiautomatic handgun, two rifles, one derringer, one shotgun",".45-caliber Glock (model 41, with 13-round capacity magazine)",Purchased from an individual,Lockheed Martin shooting,"July 8, 2003",48,7,M,8,32.410842,"Meridian, Mississippi","
Workplace",-88.634539,"White ",15,Mass,2003,"His cousin said he was depressed and ""going through a lot of things."""
Yes,"
Yes","Esteban Santiago, 26, flew from Alaska to Fort Lauderdale, where he opened fire in the baggage claim area of the airport, killing five and wounding six before police aprehended him. (Numerous other people were reportedly injured while fleeing during the panic.)","semiautomatic handgun
",.45-caliber semiautomatic handgun,-,Fort Lauderdale airport shooting,"January 6, 2017",26,5,M,6,26.072751,"Fort Lauderdale, Florida",Airport,-80.143382,Latino,11,Mass,2017,"Among other signs, Santiago had gone to a FBI office in Anchorage and complained that his mind was being controlled by the CIA."
Yes,"
Yes","Patrick Purdy, 26, an alcoholic with a police record, launched an assault at Cleveland Elementary School, where many young Southeast Asian immigrants were enrolled. Purdy killed himself with a shot to the head.","One semiautomatic handgun, one rifle (assault)",Reportedly an AK-47 style semiautomatic rifle and others. Authorities had not released details on Dear's weapons as of April 2016.,"Sandy Trading Post in Sandy, Ore.; Hunter Loan and Jewelry Co. in Stockton, Calif.",Stockton schoolyard shooting,"January 17, 1989",26,6,M,29,37.9577016,"Stockton, California",School,-121.2907796,"White ",35,Mass,1989,"He told a mental health professional he was ""struggling to resist actions on thoughts which are destructive in nature."" He also suffered from alcoholism. "
Yes,"
Yes","Robert Stewart, 45, opened fire at a nursing home where his estranged wife worked before he was shot and arrested by a police officer.","One revolver, one shotgun",.45-caliber handguns; noise suppressor (silencer); several high-capacity magazines,Local sporting goods stores and individuals,Carthage nursing home shooting,"March 29, 2009",45,8,M,3,35.333434,"Carthage, North Carolina","Other
",-79.414592,"White ",11,Mass,2009,"His estranged wife told her workplace that her husband had an ""unstable mental state or (was) mentally ill."""
Yes,"
Yes","One L. Goh, 43, a former student, opened fire in a nursing classroom. He fled the scene by car and was arrested nearby a few hours later.",One semiautomatic handgun,-,"Bullseye in Castro Valley, Calif.",Oikos University killings,"April 2, 2012",43,7,M,3,37.8043808,"Oakland, California",School,-122.2708166,Asian,10,Mass,2012,"A former instructor at Oikos described him as ""mentally unstable"" and ""paranoid."""
Yes,"
Yes","Nathan Gale, 25, possibly upset about the breakup of Pantera, gunned down former Pantera guitarist Dimebag Darrell and three others at a Damageplan show before a police officer fatally shot Gale.",One semiautomatic handgun,MAC-10-style “assault pistol”; 30-round magazine. An additional box of ammunition.,Received as a gift from mother,Damageplan show shooting,"December 8, 2004",25,5,M,7,39.9622601,"Columbus, Ohio","Other
",-83.0007065,"White ",12,Mass,2004,He was discharged from the military because he was a paranoid schizophrenic.
Yes,"
Yes","Eduardo Sencion, 32, opened fire at an International House of Pancakes restaurant and later died from a self-inflicted gunshot wound.","Two rifles (both assault), one revolver",9mm Ruger P89 semiautomatic handgun,Purchased from an individual,IHOP shooting,"September 6, 2011",32,5,M,7,39.1637984,"Carson City, Nevada","Other
",-119.7674034,Latino,12,Mass,2011,He was diagnosed with paranoid schizophrenia as a teenager and feared demons were out to get him.
"Unclear ",TBD,"Randy Stair, a 24-year-old worker at Weis grocery fatally shot three of his fellow employees. He reportedly fired 59 rounds with a pair of shotguns before turning the gun on himself as another co-worker fled the scene for help and law enforcement responded.",shotguns,".380-caliber, 9mm Ruger P85 semiautomatic handguns",-,Pennsylvania supermarket shooting,"June 7, 2017",24,3,M,0,41.529546,"Tunkhannock, Pennsylvania","
Workplace",-75.94722,"White ",3,Mass,2017,-
Yes,Kelley passed federal criminal background checks; the US Air Force failed to provide information on his criminal history to the FBI,"Devin Patrick Kelley, a 26-year-old ex-US Air Force airman, opened fire at the First Baptist Church in Sutherland Springs during Sunday morning services, killing at least 26 people and wounding and injuring 20 others. He left the church and fled in his vehicle after engaging in a gunfight with a local citizen; he soon crashed his vehicle and died from a self-inflicted gunshot wound.",semiautomatic rifle,.40-caliber Smith & Wesson semiautomatic handgun; .44 Magnum Smith & Wesson Model 29 revolver,Purchased in April 2016 from an Academy Sports & Outdoors store in San Antonio,Texas First Baptist Church massacre,"November 5, 2017",26,26,M,20,29.273282,"Sutherland Springs, Texas",Religious,-98.056488,"White ",46,Mass,2017,"Kelley had a history of domestic violence, including a court martial and conviction stemming from assaulting his wife and child; he also had a history of cruelty to animals and of stalking and harassing ex-girlfriends, including an underage girl. He reportedly briefly escaped from a mental health facility in 2012."
Yes,"
Yes","U.S. Army veteran Wade Michael Page, 40, opened fire in a Sikh gurdwara before he died from a self-inflicted gunshot would during a shootout with police.",One semiautomatic handgun,AR-15,Unknown,Sikh temple shooting,"August 5, 2012",40,7,M,3,42.8858503,"Oak Creek, Wisconsin",Religious,-87.8631362,"White ",10,Mass,2012,"His Army friends once broke into his apartment, fearing he'd commit suicide in the '90s. A psychiatric nurse who lived downstairs from Page said it was ""obvious"" he had a mental illness."
Yes,"
Yes","Travis Reinking, 29, opened fire around 3:30 a.m. in the parking lot of a Waffle House in Antioch, and continued shooting as he entered the restaurant. As he attempted to reload his AR-15, a bystander heroically wrestled the rifle away from Reinking, who then fled; he was captured by authorities the following day. Reinking had a history of erratic behavior and run-ins with law enforcement in his home state of Illinois, including claims that he was being stalked and harassed by pop star Taylor Swift. In July 2017, he was arrested at the White House after breaching security in an effort to speak with President Trump, reportedly claiming his right to do so as “a sovereign citizen.” ",semiautomatic rifle,.45-caliber Hi-Point semiautomatic handgun,Family member,Waffle House shooting,"April 22, 2018",29,4,M,4,36.052521,"Nashville, Tennessee","Other
",-86.616944,"White ",8,Mass,2018,"Reinking had a history of erratic behavior and run-ins with law enforcement in his home state of Illinois, including claims that he was being stalked and harassed by pop star Taylor Swift. In July 2017, he was arrested at the White House after breaching security in an effort to speak with President Trump, reportedly claiming his right to do so as “a sovereign citizen.”"
"Unclear ","
Yes","Noah Harpham, 33, shot three people before dead in Colorado Springs before police killed him in a shootout.",Two handguns and a rifle,MAK-90 semiautomatic rifle,Unclear,Colorado Springs shooting rampage,"October 31, 2015",33,3,M,0,38.83755,"Colorado Springs, Colorado","Other
",-104.814251,"White ",3,Mass,2015,"Prior to the rampage, Harpham wrote an ""incoherent"" blog and rambled ""nonsensically"" in a YouTube video about mind control techniques and God, according to the Denver Post. He had a history of drug and alcohol abuse. "
Yes,No,"Adam Lanza, 20, shot his mother dead at their home then drove to Sandy Hook Elementary school. He forced his way inside and opened fire, killing 20 children and six adults before committing suicide.","Two semiautomatic handguns, one rifle (assault), one shotgun (assault)","Sturm, Ruger Mini-14 semiautomatic rifle; 20-gauge Winchester pump-action shotgun; .357 Ruger Blackhawk revolver",Stolen from mother,Sandy Hook Elementary massacre,"December 14, 2012",20,27,M,2,41.4123225,"Newtown, Connecticut",School,-73.31142358,"White ",29,Mass,2012,"Lanza had a history of serious mental health problems that were known to his family and others, as detailed in a post-massacre investigation by Connecticut authorities."
No,"
Yes","Charles Carl Roberts, 32, shot 10 young girls in a one-room schoolhouse in Bart Township, killing 5, before taking his own life.","One semiautomatic handgun, one rifle, one shotgun","AK-47, AR-15, and 30-round magazines; 9mm handgun","Local stores in Nickel Mines, Penn. ",Amish school shooting,"October 2, 2006",32,6,M,5,39.9589,"Lancaster County, Pennsylvania",School,-76.0806,"White ",11,Mass,2006,"He told his wife that he'd molested two young relatives 20 years ago. "
TBD,TBD,"Timothy O'Brien Smith, 28, wearing body armor and well-stocked with ammo, opened fire at a carwash early in the morning in this rural community, killing four people. A fifth victim, though not shot, suffered minor injuries. One of the deceased victims, 25-year-old Chelsie Cline, had been romantically involved with Smith and had broken off the relationship recently, according to her sister. Smith shot himself in the head and died later that night at the hospital.",semiautomatic rifle and semiautomatic handgun,WASR-10 Century Arms semiautomatic rifle,TBD,Pennsylvania carwash shooting,"January 28, 2018",28,4,M,1,40.052151,"Melcroft, Pennsylvania","Other
",-79.389166,"White ",5,Mass,2018,-
-,"
Yes","Connor Betts, 24, died during the attack, following a swift police response. He wore tactical gear including body armor and hearing protection, and had an ammunition device capable of holding 100 rounds. Betts had a history of threatening behavior dating back to high school, including reportedly having hit lists targeting classmates for rape and murder.",semiautomatic rifle,FN Five-seven semiautomatic handgun,-,Dayton entertainment district shooting,"August 4, 2019",24,9,M,27,39.757312,"Dayton, Ohio","Other
",-84.184947,"White ",36,Mass,2019,-
Yes,No,"Jimmy Lam, 38, fatally shot three coworkers and wounded two others inside a UPS facility in San Francisco. Lam killed himself as law enforcement officers responded to the scene.",Two handguns,9mm Glock semiautomatic handgun; .32-caliber revolver,Unclear; the firearm was stolen in Utah. A second handgun Lam had (also stolen) was unused in the attack.,San Francisco UPS shooting,"June 14, 2017",38,3,M,2,37.765947,"San Francisco, California","
Workplace",-122.406087,Asian,5,Mass,2017,"Lam had a history of domestic, work conflict"
Yes,"
Yes","Former postal worker Jennifer Sanmarco, 44, shot dead a former neighbor then drove to the mail processing plant where she used to work. Inside, she opened fire, killing six employees before committing suicide.",One semiautomatic handgun,.380-caliber; make unclear,"Pawn shops in Grants and Gallup, N.M.",Goleta postal shootings,"January 30, 2006",44,8,F,0,34.425571,"Goleta, California","
Workplace",-119.866069,"White ",8,Mass,2006,She was placed on retirement disability for psychological reasons. Fellow employees described her behavior as increasingly bizarre. She believed the Postal Service employees were conspiring against her.
Yes,"
Yes","Former ESL Incorporated employee Richard Farley, 39, gunned down seven people at his former workplace, after stalking and harassing a coworker he was romantically interested in. He was later arrested and now sits on death row at San Quentin.","Two semiautomatic handguns, one rifle, two revolvers, two shotguns",".22-caliber, two .45-caliber Colt Model 1911-A1 semiautomatic handguns",Various sporting goods and gun stores in Northern California,ESL shooting,"February 16, 1988",39,7,M,4,37.3688301,"Sunnyvale, California","
Workplace",-122.0363496,"White ",11,Mass,1988,"He stalked and harassed his colleague Laura Black for four years until she was granted a temporary restraining order aginst him. Before he was fired for his bizarre behavior, he was ordered to undergo psychological counseling. "
"Unclear ","
Yes","Army Specialist Ivan Lopez, 34, opened fire at the Fort Hood Army Post in Texas, killing three and wounding at least 12 others before shooting himself in the head after engaging with military police. Lt. Gen. Mark A. Milley told reporters that Lopez ""had behavioral health and mental health"" issues.","handgun
",-,"Local gun store in Killeen, Guns Galore",Fort Hood shooting 2,"April 3, 2014",34,3,M,12,31.141716,"Fort Hood, Texas",Military,-97.777559,Latino,15,Mass,2014,"Lopez ""had a long history of troubling behavior,"" according to the Washington Post, including a history of decieving others, problems in his personal life, and financial difficulties. However, officials found that Lopez exhibited no signals that he could be violent. In the year leading up to the attack, he sought treatment for medical and behavioral health ailments."
Yes,"
Yes","Jared Loughner, 22, opened fire outside a Safeway during a constituent meeting with Congresswoman Gabrielle Giffords (D-Ariz.) before he was subdued by bystanders and arrested.",One semiautomatic handgun,-,"Sportsmen's Warehouse in Tucson, Ariz.",Tucson shooting,"January 8, 2011",22,6,M,13,32.335941,"Tucson, Arizona","Other
",-110.975132,"White ",19,Mass,2011,"His symptoms pointed to various possible mental illness diagnoses, such as schizophrenia and delusional disorder. He also experimented with pot and hallucinogens."
Yes,No,"Abdelkrim Belachheb, 39, opened fire at an upscale nightclub after a woman rejected his advances. He was later arrested.",One semiautomatic handgun,"IWI Tavor SAR 5.56 caliber rifle, Springfield XD 9, 9mm","Hines Boulevard Pawn Shop in Dallas, Texas",Dallas nightclub shooting,"June 29, 1984",39,6,M,1,32.925166,"Dallas, Texas","Other
",-96.838676,"White ",7,Mass,1984,"During his last meal with his wife, he confessed he was depressed and had visited psychiatric hospitals in Belgium."
"Unclear ","
Yes","Jason B. Dalton, a driver for Uber, apparently selected his victims randomly as he went on a rampage over several hours in three different locations, including five people he shot in the parking lot of a Cracker Barrel restaurant. He was ""arrested without incident"" at a downtown Kalamazoo bar about six hours after the rampage began.",Semiautomatic handgun,Two .45-caliber semiautomatic handguns,-,Kalamazoo shooting spree,"February 20, 2016",45,6,M,2,42.236689,"Kalamazoo County, Michigan","Other
",-85.674795,"White ",8,Mass,2016,Unclear
Yes,"
Yes","Larry Gene Ashbrook, 47, opened fire inside the Wedgwood Baptist Church during a prayer rally before committing suicide.",Two semiautomatic handguns,.38-caliber Taurus revolver,"Trader's Village flea market in Grand Prairie, Texas",Wedgwood Baptist Church shooting,"September 15, 1999",47,8,M,7,32.664511,"Fort Worth, Texas",Religious,-97.384246,"White ",15,Mass,1999,"His siblings decribed him as a paranoid schizophrenic. "
-,"
Yes","Snochia Moseley, 26, reportedly a disgruntled employee, shot her victims outside the building and on the warehouse floor; she later died from a self-inflicted gunshot at a nearby hospital. (No law enforcement officers responding to her attack fired shots.)",semiautomatic handgun,"10mm Glock, 9mm SIG Sauer P226 semiautomatic handguns; .223 Bushmaster XM15-E2S semiautomatic rifle; Izhmash Saiga-12 12-gauge semiautomatic shotgun",-,Rite Aid warehouse shooting,"September 20, 2018",26,3,F,3,39.455658,"Perryman, Maryland","
Workplace",-76.208485,Black,6,Mass,2018,-
Yes,"
Yes","James Oliver Huberty, 41, opened fire in a McDonald's restaurant before he was shot dead by a police officer.","One semiautomatic handgun, one rifle (assault), one shotgun","9 mm Glock pistol, .40 caliber Smith & Wesson, .40 caliber Taurus pistol, .556 caliber Del-Ton; (ammo details unclear)",Unknown,San Ysidro McDonald's massacre,"July 18, 1984",41,22,M,19,32.5520013,"San Ysidro, California","Other
",-117.0430813,"White ",41,Mass,1984,"The day before the shooting, he tried to make an appointment at a mental health clinic. "
"Unclear ","
Yes","Dylann Storm Roof, 21, shot and killed 9 people after opening fire at the Emanuel AME Church in Charleston, South Carolina. According to a roommate, he had allegedly been “planning something like that for six months.""",Handgun,-,"Shooter's Choice gun store in West Columbia, South Carolina",Charleston Church Shooting,"June 17, 2015",21,9,M,1,32.788387,"Charleston, South Carolina",Religious,-79.933143,"White ",10,Mass,2015,-
No,"
Yes","Dennis Clark III, 27, shot and killed his girlfriend in their shared apartment, and then shot two witnesses in the building's parking lot and a third victim in another apartment, before being killed by police.","Semiautomatic handgun, shotgun",.45-caliber semiautomatic handgun,Unknown,Pinewood Village Apartment shooting,"April 21, 2013",27,5,M,0,47.3129607,"Federal Way, Washington","Other
",-122.3393665,Black,5,Mass,2013,-
"Unclear ",No,"Radee Labeeb Prince, 37, fatally shot three people and wounded two others around 9am at Advance Granite Solutions, a home remodeling business where he worked near Baltimore. Hours later he shot and wounded a sixth person at a car dealership in Wilmington, Delaware. He was apprehended that evening following a manhunt by authorities.",Handgun,-,Unclear,Edgewood businees park shooting,"October 18, 2017",37,3,M,3,39.452189,"Edgewood, Maryland","
Workplace",-76.309988,Black,6,Mass,2017,-
No,No,"Failed businessman Gian Luigi Ferri, 55, opened fire throughout an office building before he committed suicide inside as police pursued him.",Three semiautomatic handguns (two assault),"9mm Intratec DC-9 semiautomatic handgun; 9mm Hi-Point 995 carbine rifle; 12-gauge sawed-off Savage Stevens 311D, 12-gauge sawed-off Savage Springfield 67H pump-action shotguns","Super Pawn and Pacific Tactical Weapons, both in Las Vegas, Nev.",101 California Street shootings,"July 1, 1993",55,9,M,6,37.792968,"San Francisco, California","Other
",-122.397973,"White ",15,Mass,1993,"He was down on his luck because of failed business decisions. One acquaintance said, ""He was the least likely guy you can imagine doing something like that.""  His ex-wife said he ""hated violence."""
Yes,"
Yes","Jiverly Wong, 41, opened fire at an American Civic Association center for immigrants before committing suicide.",Two semiautomatic handguns,.22-caliber sawed-off rifle; 12-gauge pump-action shotgun,"Gander Mountain in Johnson City, N.Y.",Binghamton shootings,"April 3, 2009",41,14,M,4,42.099802,"Binghamton, New York","Other
",-75.917723,Asian,18,Mass,2009,He apparently harbored growing paranoia toward cops. He also sent a delusional letter to a local TV station right before the shooting.
No,No,"Charles ""Cookie"" Lee Thornton, 52, went on a rampage at the city hall before being shot and killed by police.","One semiautomatic handgun, one revolver","Sig Sauer MCX rifle, Glock 17 9mm; high-capacity magazines (30 rounds)",Taken in burglary and from fallen police officer,Kirkwood City Council shooting,"February 7, 2008",52,6,M,2,38.580093,"Kirkwood, Missouri","Other
",-90.40691,Black,8,Mass,2008,He was known for histrionics and disruptions at city council meetings. His mounting debt was a stressor.
"Unclear ",Unknown,"Robert Lewis Dear, 57, shot and killed a police officer and two citizens when he opened fire at a Planned Parenthood health clinic in Colorado Springs, Colorado. Nine others were wounded. Dear was arrested after an hours-long standoff with police.",Long gun,"AK-47-style rifle, per authorities",Unclear,Planned Parenthood clinic,"November 27, 2015",57,3,M,9,38.881031,"Colorado Springs, Colorado","
Workplace",-104.849057,"White ",12,Mass,2015,"The judge in the case has not publicly released Dear's medical and mental health records. As of April 5, 2016, Dear was undergoing a competency evaluation. Dear had a history of disputes with his relatives and neighbors. At a hearing in December 2015, he said, ""I am a warrior for the babies."""
Yes,TBD,"Thomas Hartless, 43, shot and killed a former girlfriend and another employee of a nursing home, and fatally shot the Kirkersville police chief responding to the scene. Hartless' former girlfriend had recently obtained a court protection order against Hartless. Investigators later found more than 60 firearms in the home of Hartless, who was found dead at the scene of the attack, having turned his gun on himself, according to local authorities.","Handgun, Shotgun","AR-15-style rifle, with a 100-round capacity ammunition drum",-,Rural Ohio nursing home shooting,"May 12, 2017",43,3,M,0,39.959034,"Kirkersville, Ohio","
Workplace",-82.596508,"White ",3,Mass,2017,"Hartless had a violent criminal history; his former girlfriend had submitted a letter in court recently stating that he had ""a severe mental disorder."""
Yes,"
Yes","Elliot Rodger, 22, shot three people to death in the college town of Isla Vista near the University of California, Santa Barbara. He also shot others as he drove around town, and injured others by striking them with is vehicle. He committed suicide by shooting himself in his car as police closed in. Prior to the rampage, Rodger stabbed three people to death at his apartment.",Three semi-automatic handguns and two hunting knives,"FIE 380, .380-caliber Star semiautomatic handguns; .44 Magnum Ruger, .30-06 Remington 742, .30-caliber Universal M-1 carbine replica rifles; .38-caliber Charter Arms, .357-caliber Ruger Security Six, .38-caliber Smith & Wesson revolvers; .22-caliber Double Deuce Buddie two-shot, .38-caliber Davis Industries two-shot derringers",-,Isla Vista mass murder,"May 23, 2014",22,6,M,13,34.436283,"Santa Barbara, California",School,-119.8714406,"White ",19,Mass,2014,"Rodger was never hospitalized due to mental illness, but had a long history of mental health issues dating back to his childhood, and received treatment from multiple counselors leading up to his rampage. According to The Independent, Rodger had considered suicide but had no history of violence. Just before his rampage, he sent a 137-page manifesto to multiple people."
-,"
Yes","Patrick Crusius, 21, who was apprehended by police, posted a so-called manifesto online shortly before the attack espousing ideas of violent white nationalism and hatred of immigrants. ""This attack is a response to the Hispanic invasion of Texas,"" he allegedly wrote in the document.",semiautomatic rifle,"9mm Beretta, .45-caliber Springfield semiautomatic handguns",-,El Paso Walmart mass shooting,"August 3, 2019",21,22,M,26,31.771068,"El Paso, Texas","
Workplace",-106.375655,"White ",48,Mass,2019,-
Yes,"
Yes","Scott Evans Dekraai, 42, opened fire inside a hair salon and was later arrested. Victims killed in the attack included his ex-wife, who Dekraai had a history of violently abusing, according to court records. The two had also been involved in a bitter custody battle.","Two semiautomatic handguns, one revolver",.30-caliber Universal M1 carbine rifle; .38-caliber revolver,Unknown,Seal Beach shooting,"October 12, 2011",42,8,M,1,33.741176,"Seal Beach, California","Other
",-118.1046356,"White ",9,Mass,2011,"He suffered from bipolar disorder, mood swings, and PTSD. After an assault on his elderly stepfather, he was sentenced in 2008 to a year of anger management therapy."
Yes,"
Yes","Lottery worker Matthew Beck, 35, gunned down four bosses over a salary dispute before committing suicide.",One semiautomatic handgun,-,Unknown,Connecticut Lottery shooting,"March 6, 1998",35,5,M,1,41.6856325,"Newington, Connecticut","
Workplace",-72.72983827,"White ",6,Mass,1998,He had been hospitalized for psychiatric reasons and had a history of depression
No,"
Yes","Army Sgt. Kenneth Junior French, 22, opened fire inside Luigi's Italian restaurant while ranting about gays in the military before he was shot and arrested by police.","One rifle, two shotguns",12-gauge pump-action shotgun,Unknown,Luigi's shooting,"August 6, 1993",22,4,M,8,35.0529931,"Fayetteville, North Carolina","Other
",-78.8787058,"White ",12,Mass,1993,"He had an abusive father, who committed suicide."
-,"
Yes","Robert Findlay Smith, 70, opened fire with a handgun at a potluck dinner and was subdued by a church member until police arrived to apprehend him.",semiautomatic handgun,.45-caliber Smith & Wesson handgun,-,Church potluck dinner shooting,"June 16, 2022",70,3,M,0,33.456412,"Birmingham, Alabama",Religious,-86.801904,"White ",3,Mass,2022,-
"Unclear ",Unknown,"Kori Ali Muhammad, 39, opened fire along a street in downtown Fresno, killing three people randomly in an alleged hate crime prior to being apprehended by police. Muhammad, who is black, killed three white victims and later described his attack as being racially motivated; he also reportedly yelled 'Allahu Akbar' at the time he was arrested, but authorities indicated they found no links to Islamist terrorism.",Handgun,-,-,Fresno downtown shooting,"April 18, 2017",39,3,M,0,36.746378,"Fresno, California","Other
",-119.800319,Black,3,Mass,2017,-
TBD,"
Yes","DeWayne Craddock, 40, a municipal city worker wielding handguns, a suppressor and high-capacity magazines, killed en masse inside a Virginia Beach muncipal building late in the day on a Friday, before dying in a prolonged gun battle with police. Craddock reportedly had submitted his resignation from his job that morning. He was a veteran of the Virginia Army National Guard, and ""had a shaved head, bodybuilder’s physique and cameras in the windows of his house on a peaceful cul-de-sac,"" according to the Washington Post.",2 handguns,-,-,Virginia Beach municipal building shooting,"May 31, 2019",40,12,M,4,36.75442,"Virginia Beach, Virginia","
Workplace",-76.060378,Black,16,Mass,2019,-
Yes,"
Yes","John Zawahri, 23, armed with a homemade assault rifle and high-capacity magazines, killed his brother and father at home and then headed to Santa Monica College, where he was eventually killed by police.","Assault rifle, high capacity magazines, antique handgun
",Sig Sauer 9mm pistol,Assembled a rifle out of component parts.,Santa Monica rampage,"June 7, 2013",23,6,M,3,34.008617,"Santa Monica, California","Other
",-118.494754,"White ",9,Mass,2013,He was known as a solitary teen who regularly ditched class and had an interest in assault weapons; he had been admitted to UCLA's psychiatric ward for a brief period.
No,No,"Ex-con Hastings Arthur Wise, 43, opened fire at the R.E. Phelon Company in retaliation for being fired after an argument with a supervisor. He attempted suicide by ingesting insecticide, failed, and was executed by the state of South Carolina eight years later.",One semiautomatic handgun,-,Unknown,R.E. Phelon Company shooting,"September 15, 1997",43,4,M,3,33.5598586,"Aiken, South Carolina","
Workplace",-81.721952,Black,7,Mass,1997,"An ex-con, he had been freed from prison, although he displayed violent tendencies."
-,"
Yes","Suspected gunman Robert ""Bobby"" Crimo, 21, allegedly opened fire with a rifle from a rooftop during an Independence Day parade, unleashing several bursts of rapid fire, and then escaped from the scene as police responded. He was taken into custody about eight hours later, a few miles from the scene of the attack, following a large-scale manhunt by law enforcement. (*Further details pending.)",semiautomatic rifle,"AK-47 Norinco Arms variant, AK-47 Romarm Cugir variant rifles; .38-caliber Colt revolver","legally purchased by the shooter in the ""greater Chicago area"" per authorities",Highland Park July 4 parade shooting,"July 4, 2022",21,7,M,46,42.187424,"Highland Park, Illinois","Other
",-87.811865,"White ",53,Mass,2022,-
Yes,"
Yes","Virginia Tech student Seung-Hui Cho, 23, opened fire on his school's campus before committing suicide.",Two semiautomatic handguns,.22-caliber Ruger sawed-off semiautomatic rifle,"Purchased variously online and from Roanoke Firearms in Roanoke, Va.",Virginia Tech massacre,"April 16, 2007",23,32,M,23,37.2295733,"Blacksburg, Virginia",School,-80.4139393,Asian,55,Mass,2007,"A district court ruled Cho was ""an imminent danger"" to himself and others as a result of mental illness two years earlier, and directed Cho to seek treatment. "
No,"
Yes","George Hennard, 35, drove his pickup truck into a Luby's cafeteria and opened fire before committing suicide.",Two semiautomatic handguns,"9mm Glock 17, 9mm Ruger P89 semiautomatic handguns","Mike's Gun Shop in Henderson, Nev.",Luby's massacre,"October 16, 1991",35,24,M,20,31.1171194,"Killeen, Texas","Other
",-97.7277959,"White ",44,Mass,1991,"Acquaintances described him as troubled, unstable, combative, and misogynistic. He made convenience store employees ""nervous."""
No,"
Yes","Kyle Aaron Huff, 28, opened fire at a rave afterparty in the Capitol Hill neighborhood of Seattle before committing suicide.","Two semiautomatic handguns, one rifle (assault), one shotgun",".380 ACP Browning, 9mm Smith & Wesson semiautomatic handguns; Ruger M-77 .22-250 bolt-action rifle with scope; Mossberg 12-gauge pump-action, 12-gauge Benelli semiautomatic shotguns; .357 Magnum Smith & Wesson, .22 Sentinel WMR revolvers","Various sporting goods stores in Kalispell, Mont.",Capitol Hill massacre,"March 25, 2006",28,7,M,2,47.6229,"Seattle, Washington","Other
",-122.3165,"White ",9,Mass,2006,Police were unable to find any record that he had been treated for mental illness or was on psychiatric medication.
No,"
Yes","James Edward Pough, 42, opened fire at a General Motors Acceptance Corporation office before committing suicide. (The day prior, Pough killed a pimp and prostitute and injured two others. Those victims are not included in the mass murder count.)","One rifle, one revolver",Glock 9 mm,Unknown,GMAC massacre,"June 18, 1990",42,10,M,4,30.3321838,"Jacksonville, Florida","Other
",-81.655651,Black,14,Mass,1990,"Police speculated he had a ""grudge"" against the people he killed. "
"Unclear ","
Yes","Postal worker Patrick Sherrill, 44, opened fire at a post office before committing suicide.",Three semiautomatic handguns,".45-caliber Colt 1911-A1, 9mm Glock 17, .25-caliber Raven Arms MP-25 semiautomatic handguns; .22-caliber Harrington & Richardson revolver","Issued by Oklahoma National Guard, where Sherrill served, for target competition  ",United States Postal Service shooting,"August 20, 1986",44,15,M,6,35.6672015,"Edmond, Oklahoma","
Workplace",-97.42937037,"White ",21,Mass,1986,He was worried he had inherited mental problems and rebuffed a pastor's suggestion he seek psychiatric counseling. His family members denied he had a history of mental illness.
Yes,"
Yes","Ian Stawicki, 40, gunned down four patrons at a cafe, and another person during a carjacking nearby, then shot himself as police closed in. (He died later that day in a Seattle hospital.)",Two semiautomatic handguns,"Two Intratec DC-9, .45-caliber Colt semiautomatic handguns","Bull's Eye Shooter Supply in Tacoma, Wash.",Seattle cafe shooting,"May 20, 2012",40,6,M,1,47.6038321,"Seattle, Washington","Other
",-122.3300624,"White ",7,Mass,2012,His family said he was mentally ill
Yes,"
Yes","Sergio Valencia del Toro, 27, in what officials say was a random act, shot and killed three people including an 11-year-old girl before turning the gun on himself.","Two handguns
",.25-caliber semiautomatic handgun,Unclear,Trestle Trail bridge shooting,"June 11, 2015",27,3,M,1,44.204124,"Menasha, Wisconsin","Other
",-88.467541,Latino,4,Mass,2015,"While serving in the Air Force, he went to an emergency walk-in clinic because of concerns over his mood swings, and had either sought or been ordered to behavioral health interventions, according to Fox 6 Now. In a 2014 risk assessment with a psychologist at an outpatient clinic in Appleton, Valencia del Toro recalled thinking previously: ""If I'm gonna take myself out, I might as well take other people with me."" The police report obtained by Fox 6 says that Valencia del Toro had a history of depression, suicidal and occassionally homicidal thoughts, and alcoholism. He was intoxicated on the day of the shooting."
"Unclear ","
Yes","Off-duty sheriff's deputy Tyler Peterson, 20, opened fire inside an apartment after an argument at a homecoming party. He fled the scene and later committed suicide.",One rifle (assault),9mm handgun,Issued by Forest County Sheriff's Department,Crandon shooting,"October 7, 2007",20,6,M,1,45.5719072,"Crandon, Wisconsin","Other
",-88.9028922,"White ",7,Mass,2007,The families of victims filed a wrongful death lawsuit against the county arguing that the police department should have evaluated the gunman's mental health before hiring him.
TBD,"
Yes","Stephen Craig Paddock, 64, fired a barrage of rapid gunfire—using semiautomatic rifles modified with ""bump stocks""—at thousands of concertgoers on the Las Vegas Strip late on a Sunday night; Paddock had positioned himself in a corner suite on the 32nd floor of the Mandalay Bay Resort and Casino, where he took aim from windows he'd smashed open. Police responding to the attack found Paddock inside the hotel suite, deceased from a self-inflicted gunshot.","23 firearms, mostly rifles; including scopes, and two modified for ""fully automatic"" firing; two were mounted on tripods",Bushmaster XM-15 semiautomatic rifle,Two gun shops in Nevada,Las Vegas Strip massacre,"October 1, 2017",64,58,M,546,36.095739,"Las Vegas, Nevada","Other
",-115.171544,"White ",604,Mass,2017,"Perpetrator's history unclear. In 1969 Paddock's father was classified by the FBI as a dangerous psychopath with suicidal tendencies; psychopathy can be heritable (see Mother Jones sourcing). "
"Unclear ",Unknown,"Sulejman Talović, 18, rampaged through the shopping center until he was shot dead by police.","One revolver, one shotgun","Smith & Wesson handgun, with a green sighting laser","Purchased variously from Sportsman's Fast Cash in West Valley City, Utah and individuals ",Trolley Square shooting,"February 12, 2007",18,6,M,4,40.7606467,"Salt Lake City, Utah","Other
",-111.89109,"White ",10,Mass,2007,"According to one relative, he was violent and had the mental capacity of a child. (But accounts from others did not indicate this about the shooter.)"
Yes,"
Yes","Michael McDermott, 42, opened fire on co-workers at Edgewater Technology and was later arrested.","One semiautomatic handgun, one rifle (assault), one shotgun","AR-15 rifle, a 9 mm pistol, and a .357 revolver ",Unknown,Wakefield massacre,"December 26, 2000",42,7,M,0,42.500429,"Wakefield, Massachusetts","
Workplace",-71.075913,"White ",7,Mass,2000,"Psychiatrist guessed he had schizophrenia, but McDermott had researched how to fake a mental illness on the internet. Defense lawyer described history of suicide attempts and mental illness dating back to teen years. Jury rejected his insanity defense. "
Yes,No,"Maurice Clemmons, 37, a felon who was out on bail for child-rape charges, entered a coffee shop on a Sunday morning and shot four police officers who had gone there to use their laptops before their shifts. Clemmons, who was wounded fleeing the scene, was later shot dead by a police officer in Seattle after a two-day manhunt.",One semiautomatic handgun,Two illegally modified rifles,Stolen from an individual in Seattle.,Coffee shop police killings,"November 29, 2009",37,4,M,1,47.15277,"Parkland, Washington","Other
",-122.467308,Black,5,Mass,2009,"He had a history of erratic, bizarre behavior. He once asked his family to get naked for 5 minutes on Sunday; he said he thought the world would end and that he was Jesus."
Yes,"
Yes","Joseph T. Wesbecker, 47, gunned down eight people at his former workplace before committing suicide.","Three semiautomatic handguns (two assault), one rifle (assault), one revolver","9mm Glock, .22-caliber Ruger semiautomatic handguns, .22-caliber Ruger rifle","AK-47 purchased from Tilford's Gun Sales in Louisville, Ky. ",Standard Gravure shooting,"September 14, 1989",47,9,M,12,38.2542376,"Louisville, Kentucky","
Workplace",-85.759407,"White ",21,Mass,1989,"Prior to the shooting, he had voluntarily checked into hospitals for mental problems at least twice and attempted suicide three times. "
Yes,"
Yes","Steven Kazmierczak, 27, opened fire in a lecture hall, then shot and killed himself before police arrived.","Three semiautomatic handguns, one shotgun",7.62mm AK-47 Chinese variant semiautomatic rifle,"Online and gun retailers in Champaign, Ill. ",Northern Illinois University shooting,"February 14, 2008",27,5,M,21,41.9294736,"DeKalb, Illinois",School,-88.7503647,"White ",26,Mass,2008,"He had a long history of mental health struggles; after high school, his parents placed him at a psychiatric treatment center. He told friends he left the Army after six months due to a psychological discharge. "
Yes,"
Yes","Junior high school teacher Carl Robert Brown, 51, opened fire inside a welding shop and was later shot dead by a witness as he fled the scene.",One shotgun,"Details unclear, but after the shooting, police found eight guns in total in Valencia del Toro's home, including handguns, shotguns, and rifles, plus and more than 1,000 rounds of ammunition. He took two weapons and ammunition to the bridge.","Garcia Gun Center in Hialeah, Fla.",Welding shop shooting,"August 20, 1982",51,8,M,3,25.796491,"Miami, Florida","Other
",-80.226683,"White ",11,Mass,1982,"His second wife left him because he refused to seek psychological help. He had become increasingly isolated. One former student said he was ""off his rocker."""
-,"
Yes","Jarrod W. Ramos, 38, shot through the glass doors of the paper’s newsroom around 3pm to carry out his attack; police quickly responding to the scene found him hiding under a desk and apprehended him. Ramos had harbored a longstanding grudge against the paper over a 2011 column that had detailed his guilty plea for the harassment of a former female classmate. Ramos had sued the paper for defamation and lost.",shotgun,.32-caliber Retolaza semiautomatic handgun; AK-47 variant semiautomatic rifle; 12-gauge Winchester 1300 pump-action shotgun,-,Capital Gazette shooting,"June 28, 2018",38,5,M,2,38.994548,"Annapolis, Maryland","
Workplace",-76.543657,"White ",7,Mass,2018,-
No,"
Yes","Kurt Myers, 64, shot six people in neighboring towns, killing two in a barbershop and two at a car care business, before being killed by officers in a shootout after a nearly 19-hour standoff.",Shotgun,9mm Lorcin semiautomatic handgun; .38-caliber Charter Arms revolver,"Frank's Guns in Marcy, NY",Mohawk Valley shootings,"March 13, 2013",64,5,M,2,43.045601,"Herkimer County, New York","Other
",-74.984891,"White ",7,Mass,2013,-
No,"
Yes","Fired employee William D. Baker, 66, opened fire at his former Navistar workplace before committing suicide.","Two rifles, one revolver, one shotgun",.22-caliber rifle; two 12-gauge shotguns,"Some purchased from Pepper Sports in Glen Ellyn, Ill. ",Navistar shooting,"February 5, 2001",66,5,M,4,41.908163,"Melrose Park, Illinois","
Workplace",-87.879908,Black,9,Mass,2001,"He had a criminal past, including a sexual assault conviction."
-,-,"Anthony Ferrill, 51, an employee armed with two handguns, including one with a silencer, opened fire on the Milwaukee campus of the beer company, killing five people and then committing suicide. According to the Milwaukee Journal Sentinel, Ferrill ""had been involved in a long-running dispute with a co-worker that boiled over"" in the run-up to the attack.",semiautomatic handgun,Glock 17,-,Molson Coors shooting,"February 26, 2020",51,5,M,0,43.044511,"Milwaukee, Wisconsin","
Workplace",-87.962537,Black,5,Mass,2020,-
No,No,"Mitchell Scott Johnson, 13, and Andrew Douglas Golden, 11, two juveniles, ambushed students and teachers as they left the school; they were apprehended by police at the scene.","Two semiautomatic handguns, two rifles, three revolvers, two derringers",9mm Smith & Wesson 459 semiautomatic handgun,Stolen from grandfather and father,Westside Middle School killings,"March 24, 1998",11,5,M,10,35.8209895,"Jonesboro, Arkansas",School,-90.6682606,"White ",15,Mass,1998,"Boys displayed unruly and aggressive behavior. They picked on kids and made threats about killing people. "
"Unclear ",Unknown,"Nathan Dunlap, 19, a recently fired Chuck E. Cheese's employee, went on a rampage through his former workplace and was arrested the following day. He now awaits execution on death row.",One semiautomatic handgun,.357 revolver,Unknown,Chuck E. Cheese's killings,"December 14, 1993",19,4,M,1,39.675599,"Aurora, Colorado","
Workplace",-104.844845,Black,5,Mass,1993,"While he was in prison awaiting trial, he started acting bizarre by stripping naked and playing with his feces, apparently to avoid the death penalty. A state doctor testified that Dunlap was was faking his mental illness. "
No,"
Yes","Former Lindhurst High School student Eric Houston, 20, angry about various personal failings, killed three students and a teacher at the school before surrendering to police after an eight-hour standoff. He was later sentenced to death.","One rifle, one shotgun",9mm handgun,Local gun retailer,Lindhurst High School shooting,"May 1, 1992",20,4,M,10,39.07868761,"Olivehurst, California",School,-121.5475762,"White ",14,Mass,1992,"He suffered violent physical abuse as a child. He claimed a teacher had sexually abused him, but the truth of that allegation was contested. "
Yes,"
Yes","Day trader Mark O. Barton, 44, who had recently lost a substantial sum of money, went on a shooting spree through two day-trading firms. He started at the All-Tech Investment Group, where he worked, then went on to Momentum Securities. He fled and hours later, after being cornered by police outside a gas station, committed suicide. (Two days before the spree, he killed his wife and two children with a hammer.)","Three semiautomatic handguns, one revolver",9mm semiautomatic handgun,"Glock purchased from gun store in Warner Robins, Ga. ",Atlanta day trading spree killings,"July 29, 1999",44,9,M,13,33.850116,"Atlanta, Georgia","
Workplace",-84.377839,"White ",22,Mass,1999,"In letters, he details his deep depression and downward spiral. "
Yes,"
Yes","Andrew Engeldinger, 36, upon learning he was being fired, went on a shooting rampage, killing the business owner, three fellow employees, and a UPS driver. He then killed himself.",One semiautomatic handgun,-,Unknown,Accent Signage Systems shooting,"September 27, 2012",36,7,M,1,44.977425,"Minneapolis, Minnesota","
Workplace",-93.310408,"White ",8,Mass,2012,"His family worried about his ""paranoia and delusions"" for at least two years prior, and tried to get him to seek treatment."
Yes,"
Yes","Omar Enrique Santa Perez, 29, walked into the ground-floor lobby of a building in downtown Cincinnati shortly after 9 a.m. and opened fire. Within minutes, Perez was fatally wounded in a shootout with law enforcement officers responding to the scene.",semiautomatic handgun,9mm Glock semiautomatic handgun,A local gun store,Fifth Third Center shooting,"September 6, 2018",29,3,M,2,39.101981,"Cincinnati, Ohio","
Workplace",-84.511782,Latino,5,Mass,2018,"Perez filed a ""delusional"" lawsuit in 2017 against CNBC and TD Ameritrade; the federal judge who threw out the case said Perez's allegations were ""rambling, difficult to decpipher and borders on delusional."""
Yes,"
Yes","Zephen A. Xaver, 21, fatally shot five women inside a bank and then called the police to confess. He was armed with a handgun and wore a bulletproof vest. He reportedly ordered the women to lie down on the floor and shot them execution-style. After a standoff with police, he surrendered and was taken into custody. A week prior, Xaver had quit a job as a prison guard trainee, and authorities said they believed the shooting was ""a random act"" and that roberry did not appear to be a motive. An ex-girlfriend in Indiana told local media she'd been “scared for years” by Xaver’s talk of violence and death, but that her warnings to others (who she did not identify) were not taken seriously. She said she’d first met Xaver in a psychiatric hospital in 2013. In March 2017, Michigan State Police documented an incident in which Xaver indicated he was “possibly thinking of suicide by cop and taking hostages.""",Handgun,Ruger AR-556; weapon was purchased six days before the attack,-,SunTrust bank shooting,"January 23, 2019",21,5,M,0,27.471043,"Sebring, Florida","
Workplace",-81.45847,"White ",5,Mass,2019,Xaver was reported to have a lenghty history of expressing violent desires; an ex-girlfriend said she first met him at a psychiatric hospital in 2013.
No,"
Yes","Omar S. Thornton, 34, shot up his Hartford Beer Distributor workplace after facing disciplinary issues, then committed suicide.",Two semiautomatic handguns,9mm Llama semiautomatic handgun,"Gun dealer in East Windsor, Conn.",Hartford Beer Distributor shooting,"August 3, 2010",34,9,M,2,41.798764,"Manchester, Connecticut","
Workplace",-72.570068,Black,11,Mass,2010,"He apparently was driven over the edge by unaddressed, ongoing racism against him at work"
Yes,"
Yes","Nikolas J. Cruz, 19, heavily armed with an AR-15, tactical gear, and “countless magazines” of ammo, according to the Broward County Sheriff, attacked the high school as classes were ending for the day, killing at least 17 people and injuring many others. He was apprehended by authorities shortly after fleeing the campus.",semiautomatic rifle,"9mm Glock 19, Hi-Point CF380, 9mm Kurz SIG Sauer P232 semiautomatic handguns; 12-gauge Remington Sportsman 48 sawed-off shotgun",A Florida pawn shop,Marjory Stoneman Douglas High School shooting,"February 14, 2018",19,17,M,17,26.30483,"Parkland, Florida",School,-80.269511,"White ",34,Mass,2018,Cruz had a long history of behavioral problems and had spent time in mental health clinics.
Yes,"
Yes","John T. Miller, 50, killed four child-support workers in a county office building before turning the gun on himself.  Miller was upset about a court order garnishing his paycheck to cover overdue child-support payments.",One semiautomatic handgun,Ruger .22-caliber,"Mumford Sports in Litchfield, Ohio",Watkins Glen killings,"October 15, 1992",50,5,M,0,42.3810555,"Watkins Glen, New York","Other
",-76.8705777,"White ",5,Mass,1992,"The day before the shooting, he told child-support collection office workers that he was considering suicide. He had been convicted of felonious assault for pointing a revolver at police officers responding to a domestic violence report at this girlfriend's apartment. "
-,"
Yes","Jonathan Sapirman, 20, opened fire in a mall food court and was soon shot dead by a 22-year-old armed civilian, whose response local authorities called ""nothing short of heroic.""",semiautomatic rifles; semiautomatic handgun,"SKS 1954R, .30-caliber Winchester rifles; 12-gauge Remington pump-action shotgun; .38-caliber revolver",in Greenwood,Greenwood Park Mall shooting,"July 17, 2022",20,3,M,2,39.62181,"Greenwood, Indiana","
Workplace",-86.175319,"White ",5,Mass,2022,-
Yes,"
Yes","Payton S. Gendron, 18, committed a racially motivated mass murder, according to authorities. He livestreamed the attack and was apprehended by police.",semiautomatic rifle,9mm Glock 19 semiautomatic handgun,-,Buffalo supermarket massacre,"May 14, 2022",18,10,M,3,42.89606,"Buffalo, New York","
Workplace",-78.886424,"White ",13,Mass,2022,previous threats and a mental health evaluation prompted by state police investigation in June 2021
Yes,No,"Jeffrey Weise, 16, murdered his grandfather, who was a police officer, and grandfather's girlfriend. Weise then drove his grandfather's squad car to Red Lake Senior High School and opened fire on the reservation campus, killing another seven people before committing suicide.","Two semiautomatic handguns, one shotgun",9mm Browning P35 Hi-Power semiautomatic handgun; 9mm Israeli Military Industries Uzi Model A carbine semiautomatic rifle; 12-gauge Winchester 1200 pump-action shotgun,Glock and Remington stolen from grandfather,Red Lake massacre,"March 21, 2005",16,10,M,5,47.876346,"Red Lake, Minnesota",School,-95.0169401,Native American,15,Mass,2005,He voluntarily visited a a psychiatric ward. He was hospitalized at least once for suicidal tendencies and was taking Prozac.
"Unclear ",TBD,"Scott Allen Ostrem, 47, walked into a Walmart in a suburb north of Denver and fatally shot two men and a woman, then left the store and drove away. After an all-night manhunt, Ostrem, who had financial problems but no serious criminal history, was captured by police after being spotted near his apartment in Denver.",semiautomatic handgun,9mm Springfield Armory XDM semiautomatic handgun,-,Walmart shooting in suburban Denver,"November 1, 2017",47,3,M,0,39.876374,"Thornton, Colorado","Other
",-104.986132,"White ",3,Mass,2017,-
-,"
Yes","Robert D. Bowers, 46, shouted anti-Semitic slurs as he opened fire inside the Tree of Life synagogue during Saturday morning worship. He was armed with an assault rifle and multiple handguns and was apprehended after a standoff with police. His social media accounts contained virulent anti-Semitic content, and references to migrant caravan ""invaders"" hyped by President Trump and the Republican party ahead of the 2018 midterms elections.",semiautomatic rifle; semiautomatic handguns,".40-caliber Glock 23, .22-caliber Ruger semiautomatic handguns; 12-gauge Remington 870 shotgun","(Unclear; investigators confirmed he owned 10 guns in total, all purchased and possessed legally, and had a handgun license)",Tree of Life synagogue shooting,"October 27, 2018",46,11,M,6,40.443898,"Pittsburgh, Pennsylvania",Religious,-79.921398,"White ",17,Mass,2018,-
Yes,"
Yes","Jeong Soo Paek, 59, returned to a Korean spa from which he'd been kicked out after an altercation. He gunned down two of his sisters and their husbands before committing suicide.",One semiautomatic handgun,AR-15,Unknown,Su Jung Health Sauna shooting,"February 21, 2012",59,5,M,0,33.9412127,"Norcross, Georgia","Other
",-84.2135309,Asian,5,Mass,2012,His sister worried about his homicidal tendencies; she said his mental health had been deteriorating and that he had threatened to commit suicide with his gun.
Yes,No,"After he was expelled for having a gun in his locker, Kipland P. Kinkel, 15, a freshman at Thurston High, went on a shooting spree, killing his parents at home and two students at school. Five classmates wrestled Kipland to the ground before he was arrested.   ","Two semiautomatic handguns, one rifle","Two Intratec MAC-11, 9mm SIG Sauer semiautomatic handguns; AK-47 Chinese variant semiautomatic rifle; .38-caliber revolver","Purchased variously from friend and father, and stolen from father",Thurston High School shooting,"May 21, 1998",15,4,M,25,44.0462362,"Springfield, Oregon",School,-123.0220289,"White ",29,Mass,1998,Doctors testified that he was a paranoid schizophrenic who suffered from hallucinations
Yes,"
Yes","Army veteran Albert Cheung Wong, 36, stormed a veterans home where he was previously under care, exchanging gunfire with a sheriff’s deputy and taking three women hostage, one of whom he’d previously threatened. After a standoff with law enforcement, he killed the three women and himself.",semiautomatic rifle; shotgun,9mm Beretta semiautomatic handgun,TBD,Yountville veterans home shooting,"March 9, 2018",36,3,M,0,38.392496,"Yountville, California","
Workplace",-122.366528,Asian,3,Mass,2018,Wong had served in Afghanistan and had a history of PTSD.
Yes,"
Yes","Former airman Dean Allen Mellberg, 20, opened fire inside a hospital at the Fairchild Air Force Base before he was shot dead by a military police officer outside.",One rifle (assault),AR-15; Glock .357 (3),"Gun dealer in Spokane, Wash.",Air Force base shooting,"June 20, 1994",20,5,M,23,47.61864486,"Fairchild Air Force Base, Washington",Military,-117.6483587,"White ",28,Mass,1994,He was repeatedly diagnosed with emotional problems during his two years of service.
Yes,"
Yes","Laid-off postal worker Thomas McIlvane, 31, opened fire at his former workplace before committing suicide.",One rifle,-,Local gun store,Royal Oak postal shootings,"November 14, 1991",31,5,M,5,42.4894801,"Royal Oak, Michigan","
Workplace",-83.1446485,"White ",10,Mass,1991,Police revoked his CCW permit after determining he was mentally unstable.
Yes,No,"Eric Harris, 18, and Dylan Klebold, 17, opened fire throughout Columbine High School before committing suicide.","One semiautomatic handgun (assault), one rifle (assault), two shotguns","Izhmash-Saiga 5.45mm (AK-style) semiautomatic rifle with large capacity magazines; Glock 9mm handgun, .25-caliber semiautomatic handgun","Purchased variously at Tanner Gun Show in Denver, Colo. and from an individual",Columbine High School massacre,"April 20, 1999",17,13,M,24,39.604034,"Littleton, Colorado",School,-105.074103,"White ",37,Mass,1999,Harris was an alleged psychopath; Klebold was depressed and suicidal.
Yes,"
Yes","Brandon Scott Hole, 19, opened fire around 11 p.m. in the parking lot and inside the warehouse, and then shot himself fatally as police responded to the scene.",semiautomatic rifle,Two 9mm Ruger SR9 semiautomatic handguns,-,FedEx warehouse shooting,"April 15, 2021",19,8,M,7,39.68663,"Indianapolis, Indiana","
Workplace",-86.32313,"White ",15,Mass,2021,Perpetrator had been reported to police in 2020 by his mother as potentially suicidal; he was detained by authorities on a temporary mental health hold